Username,Password,Email address,Email (again),First name,Last name,City,Country
tharani_testing12,R@diant123,tharanitesting12@gmail.com,tharanitesting12@gmail.com,tharani,testing12,chennai,india
tharani_testing13,R@diant123,tharanitesting13@gmail.com,tharanitesting13@gmail.com,tharani,testing13,chennai,india
tharani_testing14,R@diant123,tharanitesting14@gmail.com,tharanitesting14@gmail.com,tharani,testing14,chennai,india
tharani_testing15,R@diant123,tharanitesting15@gmail.com,tharanitesting15@gmail.com,tharani,testing15,chennai,india
tharani_testing16,R@diant123,tharanitesting16@gmail.com,tharanitesting16@gmail.com,tharani,testing16,chennai,india
tharani_testing17,R@diant123,tharanitesting17gmail.com,tharanitesting17gmail.com,tharani,testing17,chennai,india
tharani_testing18,R@diant123,tharanitesting18@gmail.com,tharanitesting18@gmail.com,tharani,testing18,chennai,india
tharani_testing19,R@diant123,tharanitesting19@gmail.com,tharanitesting19@gmail.com,tharani,testing19,chennai,india
tharani_testing20,R@diant123,tharanitesting20@gmail.com,tharanitesting20@gmail.com,tharani,testing20,chennai,india
tharani_testing11,R@diant123,tharanitesting11@gmail.com,tharanitesting11@gmail.com,tharani,testing11,chennai,india
